jayne.rich@comveyer.biz,Jayne,Richalice.cook@rameon.us,Alice,Cookhill.sheppard@reversus.biz,Hill,Sheppardmaribel.ratliff@cinaster.ca,Maribel,Ratliffwanda.collier@panzent.name,Wanda,Colliermeghan.pace@xurban.co.uk,Meghan,Paceangelina.arnold@netropic.com,Angelina,Arnolddouglas.pearson@orbixtar.tv,Douglas,Pearsonjaime.schultz@zolavo.info,Jaime,Schultzrandall.vance@lyria.org,Randall,Vancegale.ford@dymi.net,Gale,Fordsuarez.parks@envire.me,Suarez,Parksweeks.oneal@hivedom.biz,Weeks,Onealjackie.george@entality.us,Jackie,Georgesnyder.mercer@dogspa.biz,Snyder,Mercerhines.roach@asimiline.ca,Hines,Roachthompson.cardenas@zillatide.name,Thompson,Cardenasphoebe.serrano@trasola.co.uk,Phoebe,Serranosally.rowe@architax.com,Sally,Rowejeanne.mcpherson@ceprene.tv,Jeanne,Mcphersonbonita.hampton@infotrips.info,Bonita,Hamptonraymond.jackson@netur.org,Raymond,Jacksonangelica.galloway@corporana.net,Angelica,Gallowaycraig.miles@xeronk.me,Craig,Milesjuanita.hartman@zillactic.biz,Juanita,Hartmanmartina.england@imaginart.us,Martina,Englandmoss.sosa@velity.biz,Moss,Sosaarlene.frye@coash.ca,Arlene,Fryechang.kim@eventex.name,Chang,Kimward.lane@dogtown.co.uk,Ward,Lanesolis.herrera@dyno.com,Solis,Herrerawest.fowler@extro.tv,West,Fowlerdalton.dawson@exoplode.info,Dalton,Dawsonlesley.mcmillan@candecor.org,Lesley,Mcmillanmadge.hughes@myopium.net,Madge,Hughespatel.fisher@zogak.me,Patel,Fishercarrie.page@perkle.biz,Carrie,Pageines.jenkins@inrt.us,Ines,Jenkinskatie.stevens@hinway.biz,Katie,Stevensmary.gentry@gaptec.ca,Mary,Gentrysheryl.nguyen@comvoy.name,Sheryl,Nguyensampson.lester@norsup.co.uk,Sampson,Lesterhardy.lynch@suretech.com,Hardy,Lynchguerra.monroe@anocha.tv,Guerra,Monroemercado.whitehead@recrisys.info,Mercado,Whiteheadgould.sanchez@quarex.org,Gould,Sanchezrojas.garza@qaboos.net,Rojas,Garzafloyd.soto@opticom.me,Floyd,Sotoarmstrong.bradshaw@imperium.biz,Armstrong,Bradshawblankenship.quinn@kinetica.us,Blankenship,Quinnlewis.tyler@gogol.biz,Lewis,Tyleranne.griffith@permadyne.ca,Anne,Griffithfletcher.bailey@voratak.name,Fletcher,Baileymiranda.melendez@squish.co.uk,Miranda,Melendezconsuelo.fitzpatrick@overplex.com,Consuelo,Fitzpatrickcindy.holland@urbanshee.tv,Cindy,Hollandvalarie.rhodes@kidstock.info,Valarie,Rhodespat.cline@stelaecor.org,Pat,Clinepage.irwin@inventure.net,Page,Irwinclark.huffman@unia.me,Clark,Huffmanballard.bonner@comtrak.biz,Ballard,Bonnerjimmie.mendoza@terascape.us,Jimmie,Mendozaprince.morales@ginkogene.biz,Prince,Moraleslawrence.guthrie@wazzu.ca,Lawrence,Guthriealvarado.chavez@insectus.name,Alvarado,Chavezsasha.glenn@enervate.co.uk,Sasha,Glennwoods.davis@buzzness.com,Woods,Davisirene.weber@nspire.tv,Irene,Webersingleton.britt@jasper.info,Singleton,Brittcoffey.rodriguez@menbrain.org,Coffey,Rodriguezbuckner.morse@combogene.net,Buckner,Morsestacy.klein@biolive.me,Stacy,Kleincurtis.hogan@bristo.biz,Curtis,Hoganingram.leon@gink.us,Ingram,Leonknowles.mathis@quonk.biz,Knowles,Mathiskrista.boone@zillidium.ca,Krista,Booneedwards.byers@aquoavo.name,Edwards,Byersdotson.mendez@isotrack.co.uk,Dotson,Mendezklein.gordon@centrexin.com,Klein,Gordonpratt.charles@tropoli.tv,Pratt,Charleshallie.gaines@idetica.info,Hallie,Gaineswilda.dunlap@kidgrease.org,Wilda,Dunlapelvia.mayer@suremax.net,Elvia,Mayerrosanne.pugh@bleendot.me,Rosanne,Pughmathews.glass@datagen.biz,Mathews,Glassgregory.thornton@exozent.us,Gregory,Thorntonhope.finch@momentia.biz,Hope,Fincheve.clemons@geoform.ca,Eve,Clemonswillis.dickson@earbang.name,Willis,Dicksonshelby.buckner@talae.co.uk,Shelby,Bucknermichael.sears@gracker.com,Michael,Searscarrillo.knapp@isis.tv,Carrillo,Knappearline.warner@spherix.info,Earline,Warnermullen.zamora@twiggery.org,Mullen,Zamoraadriana.puckett@portalis.net,Adriana,Puckettnadia.lynn@rocklogic.me,Nadia,Lynn